binder_name,binder_type,name,set_code,set_name,collector_number,foil,rarity,quantity,manabox_id,scryfall_id,purchase_price,misprint,altered,condition,language,purchase_price_currency
Blue Creatures,binder,_____ _____ _____ Trespasser,UNF,Unfinity,61,normal,uncommon,1,72662,1cacc52b-9e52-42d3-a152-0c96ff55ab44,0.01,False,False,near_mint,en,USD
Fancy Binder,binder,Aarakocra Sneak,CLB,Commander Legends: Battle for Baldur's Gate,54,foil,common,1,68933,2a83882c-3e03-4e85-aaac-97fa1d08a772,0.1,False,False,near_mint,en,USD
White Creatures,binder,Abbey Matron,HML,Homelands,2a,normal,common,1,39299,158caa84-da2e-4c4c-b24d-0c035c900e20,0.06,False,False,near_mint,en,USD
Earth Shakers,deck,Abrade,VOW,Innistrad: Crimson Vow,139,normal,common,3,64344,a0e47d11-cb21-402b-a39e-588a94cc57b4,0.1,False,False,near_mint,en,USD
Red Noncreatures,binder,Abrade,SCD,Starter Commander Decks,122,normal,uncommon,1,77387,778fad36-28d5-488b-bc7a-e60c8646bdc2,0.15,False,False,near_mint,en,USD
White Creatures,binder,Absolver Thrull,GPT,Guildpact,1,normal,common,6,27594,711979c3-e70b-4973-a4f1-020db534fc73,0.1,False,False,near_mint,en,USD
White Creatures,binder,Absolving Lammasu,MKM,Murders at Karlov Manor,2,normal,uncommon,1,91163,bd6e71a1-713e-4eca-bd65-9f0638c16794,0.01,False,False,near_mint,en,USD
Fancy Binder,binder,Absolving Lammasu,MKM,Murders at Karlov Manor,2,foil,uncommon,1,91163,bd6e71a1-713e-4eca-bd65-9f0638c16794,0.04,False,False,near_mint,en,USD
Sorin,deck,Absorb Vis,DDK,Duel Decks: Sorin vs. Tibalt,31,normal,common,1,16542,18ed2ea8-614b-472d-979d-0d026895abca,0.13,False,False,near_mint,en,USD
Raging Clue,deck,Academy Manufactor,MKC,Murders at Karlov Manor Commander,221,normal,rare,1,90370,60709d98-c98d-48c0-ac4a-4ff73e7a0c4b,6.36,False,False,near_mint,en,USD
Green Noncreatures,binder,Accelerated Mutation,SCG,Scourge,109,normal,common,2,30579,282f808c-0b58-4b98-aeda-f606a10d1a4b,0.09,False,False,near_mint,en,USD
Black Creatures,binder,Accursed Centaur,ONS,Onslaught,123,normal,common,2,31180,894556d8-6d5c-431b-a45d-26cd37c5f456,0.11,False,False,near_mint,en,USD
Green Creatures,binder,Acidic Slime,CMD,Commander 2011,140,normal,uncommon,1,19474,2c5b2de9-ba83-4cae-9088-25268b7a8e13,0.16,False,False,near_mint,en,USD
Fancy Binder,binder,Acolyte of Aclazotz,LCI,The Lost Caverns of Ixalan,89,foil,common,1,88726,99009400-ffa4-40af-8305-78295ae605ac,0.05,False,False,near_mint,en,USD
Green Noncreatures,binder,Acolyte of Bahamut,CLB,Commander Legends: Battle for Baldur's Gate,212,normal,uncommon,2,69225,b0260e1f-ff6a-4ef3-bef7-8c77f8413500,0.08,False,False,near_mint,en,USD
Fancy Binder,binder,Acolyte of Bahamut,CLB,Commander Legends: Battle for Baldur's Gate,513,etched,uncommon,1,69156,8ddd9b4f-621a-40d2-bc46-08d5adc3571f,0.11,False,False,near_mint,en,USD
Green Creatures,binder,Acridian,USG,Urza's Saga,230,normal,common,1,35738,05d5a38f-5a60-46da-af1c-440e4bf7fe9e,0.15,False,False,near_mint,en,USD
Red Noncreatures,binder,Act of Aggression,NPH,New Phyrexia,78,normal,uncommon,1,19807,61a9f30b-d154-49a4-ad6b-f05601992de3,0.24,False,False,near_mint,en,USD
Red Noncreatures,binder,Act of Treason,RVR,Ravnica Remastered,99,normal,common,1,89831,a1a9d323-fb40-411b-a0e7-64024bc6ba58,0.02,False,False,near_mint,en,USD
Raging Clue,deck,"Adrix and Nev, Twincasters",MKC,Murders at Karlov Manor Commander,198,normal,mythic,1,90498,b9c11061-bb34-4904-b9f1-ea106b517bbe,4.67,False,False,near_mint,en,USD
Blue Creatures,binder,Advanced Hoverguard,5DN,Fifth Dawn,22,normal,common,1,29473,7384d50a-5801-47ed-ab9f-5c7e4f1f20dd,0.1,False,False,near_mint,en,USD
Fancy Binder,binder,Aegis Angel,M12,Magic 2012,1,foil,rare,1,19266,4cdc19da-21af-45e7-ad1f-fcacd84a8d89,0.85,False,False,near_mint,en,USD
Fancy Binder,binder,Aerial Extortionist,MKC,Murders at Karlov Manor Commander,54,normal,rare,1,90354,5353bcb9-800d-4d74-95fa-42350a0f25de,0.2,False,False,near_mint,en,USD
Blue Noncreatures ,binder,Aerial Formation,JOU,Journey into Nyx,30,normal,common,1,14619,fce86785-bc03-451e-8422-8bb53082cc12,0.05,False,False,near_mint,en,USD
Blue Creatures,binder,Aether Adept,M12,Magic 2012,41,normal,common,2,19226,fa6f04ca-cab7-4c86-a56c-79d6ae3b73e6,0.09,False,False,near_mint,en,USD
Colorless Noncreatures,binder,Aether Spellbomb,MRD,Mirrodin,141,normal,common,1,29904,f3792e8b-4ad7-4e2d-994c-c4eaac0fa55f,0.4,False,False,near_mint,en,USD
Red Creatures,binder,Aetherflame Wall,TSP,Time Spiral,142,normal,common,1,26758,93b14f08-dd93-4a9f-a616-8f8d0b26b966,0.08,False,False,near_mint,en,USD
unsorted ,binder,Aetherize,LCC,The Lost Caverns of Ixalan Commander,142,normal,uncommon,1,88556,6700409d-afda-480c-8a66-b5c782f3e5e4,0.46,False,False,near_mint,en,USD
Black Noncreatures,binder,Afflict,10E,Tenth Edition,125,normal,common,1,25973,20f18447-2853-469b-b3b3-20d6bcafa6e7,0.05,False,False,near_mint,en,USD
Black Creatures,binder,Agency Coroner,MKM,Murders at Karlov Manor,75,normal,common,1,91223,d63f2c23-e877-42e3-9362-5d003a173c6d,0.02,False,False,near_mint,en,USD
Fancy Binder,binder,Agency Coroner,MKM,Murders at Karlov Manor,75,foil,common,1,91223,d63f2c23-e877-42e3-9362-5d003a173c6d,0.01,False,False,near_mint,en,USD
Blue Creatures,binder,Agency Outfitter,MKM,Murders at Karlov Manor,38,normal,uncommon,1,91008,8112f133-535e-4264-8357-9cbf97957710,0.01,False,False,near_mint,en,USD
Black Creatures,binder,Agent of Shauku,PCY,Prophecy,55,normal,common,1,33625,d8316804-6f8b-423e-a2c3-fa476c095544,0.1,False,False,near_mint,en,USD
Red Creatures,binder,Agent of Stromgald,ALL,Alliances,64a,normal,common,1,38763,4a7506f8-cf09-46ca-ad80-3c398c487ae2,0.17,False,False,near_mint,en,USD
Black Noncreatures,binder,Agent of the Shadow Thieves,CLB,Commander Legends: Battle for Baldur's Gate,108,normal,uncommon,1,69375,f50448e9-afe4-4d4e-b027-bbb855f17aeb,0.11,False,False,near_mint,en,USD
Green Noncreatures,binder,Aggressive Urge,INV,Invasion,181,normal,common,1,33152,37e3154d-9b1c-4f93-9bc3-a39e68d59d23,0.18,False,False,near_mint,en,USD
Hot Potato,deck,Agitator Ant,NCC,New Capenna Commander,263,normal,rare,1,68391,c58f8394-db7d-496b-a6bf-481b3cc55fc8,0.11,False,False,near_mint,en,USD
Black Noncreatures,binder,Agonizing Demise,INV,Invasion,92,normal,common,1,33241,539ac5e1-4bad-4f70-abac-e70c406bebec,0.09,False,False,near_mint,en,USD
Blue Creatures,binder,Air Elemental,6ED,Classic Sixth Edition,56,normal,uncommon,1,35321,5d31dca7-df16-4a70-8f17-b78d745bac96,0.13,False,False,near_mint,en,USD
Blue Creatures,binder,Air Elemental,4ED,Fourth Edition,59,normal,uncommon,1,40128,e5cfaefb-764c-4c56-bdb3-5f0375168597,0.17,False,False,near_mint,en,USD
Blue Creatures,binder,Air Elemental,3ED,Revised Edition,47,normal,uncommon,1,41378,22905294-4ba6-4567-a21f-f53b8317acda,0.3,False,False,near_mint,en,USD
Red Creatures,binder,Airdrop Condor,ONS,Onslaught,186,normal,uncommon,1,31117,ec9796ac-11e2-4295-bf00-f684d0111970,0.16,False,False,near_mint,en,USD
Green Noncreatures,binder,Airtight Alibi,MKM,Murders at Karlov Manor,149,normal,common,1,91173,bffbbe21-0a1d-48b9-903e-81c109aa11de,0.03,False,False,near_mint,en,USD
White noncreatures,binder,Ajani's Presence,JOU,Journey into Nyx,2,normal,common,1,14647,e77e2fd5-5c46-4f6b-ac43-ec23fab57a1a,0.12,False,False,near_mint,en,USD
Money Binder,binder,"Akiri, Line-Slinger",C16,Commander 2016,26,foil,rare,1,7328,3b951e0c-a4dd-4a20-87c6-eaa947e33aa4,2.02,False,False,near_mint,en,USD
Red Creatures,binder,Akki Ronin,NEO,Kamigawa: Neon Dynasty,131,normal,common,1,66759,96f15754-1ca6-45b0-a7de-2fe507df2a1a,0.02,False,False,near_mint,en,USD
Red Creatures,binder,Akki Ronin,NEO,Kamigawa: Neon Dynasty,319,normal,common,1,66847,fa16ee8e-d33a-40e9-9956-e345f0511819,0.03,False,False,near_mint,en,USD
Red Creatures,binder,Akki Underling,SOK,Saviors of Kamigawa,93,normal,common,4,28445,106382db-56aa-4061-9d1e-17821937f1de,0.05,False,False,near_mint,en,USD
Fancy Binder,binder,Akoum Hellkite,BFZ,Battle for Zendikar,139,normal,rare,1,10212,ce837a65-a588-4b50-b298-f4ca37dbd06d,0.19,False,False,near_mint,en,USD
Tibalt,deck,Akoum Refuge,DDK,Duel Decks: Sorin vs. Tibalt,73,normal,uncommon,2,16500,df319dcb-419d-4588-9c8a-fe82973b704a,0.19,False,False,near_mint,en,USD
Nonbasic Lands,binder,Akoum Refuge,SCD,Starter Commander Decks,289,normal,uncommon,1,77601,fd9b7070-7702-4e10-ad66-b2782590810e,0.16,False,False,near_mint,en,USD
Fancy Binder,binder,"Akuta, Born of Ash",SOK,Saviors of Kamigawa,61,normal,rare,1,28477,08730b49-e51e-4868-9cc8-4ddc4a1dce4c,0.39,False,False,near_mint,en,USD
White Creatures,binder,Alabaster Mage,JMP,Jumpstart,83,normal,uncommon,2,51455,b7026ffb-98de-4da7-84a8-1198639873f4,0.03,False,False,near_mint,en,USD
White Creatures,binder,Alaborn Cavalier,DDG,Duel Decks: Knights vs. Dragons,18,normal,uncommon,1,19958,8877b120-55ee-4e5a-9f51-e72a110f638e,0.15,False,False,near_mint,en,USD
Fancy Binder,binder,Aladdin's Ring,9ED,Ninth Edition,286,normal,rare,2,28077,40b7370d-8ab4-4506-b7dd-d02c1ba92032,0.31,False,False,near_mint,en,USD
Raging Clue,deck,"Alandra, Sky Dreamer",MKC,Murders at Karlov Manor Commander,94,normal,rare,1,90355,54bf48d4-e350-4ca7-87da-ce04fefd4610,1.04,False,False,near_mint,en,USD
Fancy Binder,binder,Alchemist's Gambit,VOW,Innistrad: Crimson Vow,140,normal,rare,1,64364,a8fbf5d3-4677-4bf0-891f-57d6dcddaff7,0.15,False,False,near_mint,en,USD
Tokens/Other,binder,Alien Angel,TWHO,Doctor Who Tokens,11,normal,common,4,87787,b65e872a-ba16-4df2-9214-60019fd6456a,0.13,False,False,near_mint,en,USD
Fancy Binder,binder,Alley Assailant,MKM,Murders at Karlov Manor,76,foil,common,1,91293,edf238c9-61de-4f3a-b82f-05af46e5e81b,0.01,False,False,near_mint,en,USD
Colorless Creatures,binder,Alpha Myr,MRD,Mirrodin,142,normal,common,1,29903,f3f792d7-75be-429e-8f62-0b563b103642,0.25,False,False,near_mint,en,USD
Green Creatures,binder,Alpine Grizzly,KTK,Khans of Tarkir,127,normal,common,1,13271,38bbf983-df71-4403-86f3-2e86aa8765b8,0.1,False,False,near_mint,en,USD
Raging Clue,deck,"Alquist Proft, Master Sleuth",MKM,Murders at Karlov Manor,355,normal,mythic,1,91265,e528424e-a3b1-4902-b42d-1ba9ac412e73,0.42,False,False,near_mint,en,USD
White noncreatures,binder,Altar's Light,MRD,Mirrodin,1,normal,uncommon,1,30044,dd037f62-7cef-4737-b575-942c5959f1ea,0.15,False,False,near_mint,en,USD
Black Noncreatures,binder,Altar's Reap,ISD,Innistrad,86,normal,common,1,18812,4dc2eec4-7e68-45d5-8736-6b32a47c671b,0.14,False,False,near_mint,en,USD
Black Noncreatures,binder,Ambition's Cost,SCD,Starter Commander Decks,66,normal,uncommon,1,77508,c56c3800-b6d5-44e8-8797-2d80070fd4d0,0.1,False,False,near_mint,en,USD
White Creatures,binder,Amrou Kithkin,4ED,Fourth Edition,2,normal,common,1,40185,27de9b02-1810-41ee-aa90-5d89b6e1bf87,0.03,False,False,near_mint,en,USD
White Creatures,binder,Amrou Kithkin,LEG,Legends,3,normal,common,2,41116,cbce1c55-123c-4a05-bde4-18a1601fcc5a,0.31,False,False,near_mint,en,USD
White Creatures,binder,Amrou Scout,TSP,Time Spiral,1,normal,common,1,26899,ea3e05e5-1340-4010-b39b-3571a5829840,0.06,False,False,near_mint,en,USD
Green Noncreatures,binder,An-Havva Inn,HML,Homelands,82,normal,uncommon,1,39199,eff4531f-d19d-44af-861a-33087197d21c,0.23,False,False,near_mint,en,USD
Green Creatures,binder,Ana Battlemage,PLC,Planar Chaos,124,normal,uncommon,1,26410,dafbeae0-17e3-4a29-bd02-9f45b549b990,0.13,False,False,near_mint,en,USD
Red Creatures,binder,Anaba Bodyguard,6ED,Classic Sixth Edition,164,normal,common,1,35213,13c21e32-6f43-4475-bd9e-472ca8cbd4a6,0.07,False,False,near_mint,en,USD
Red Creatures,binder,Anaba Bodyguard,HML,Homelands,66a,normal,common,1,39218,882e3c69-dca7-4c0a-8f8c-984250e6a867,0.14,False,False,near_mint,en,USD
Red Creatures,binder,Anaba Bodyguard,HML,Homelands,66b,normal,common,1,39217,56a54048-4640-499b-a1c3-192917c25169,0.06,False,False,near_mint,en,USD
Red Creatures,binder,Anaba Shaman,8ED,Eighth Edition,175,normal,common,2,30361,f3c2a5d1-cdf0-4551-aad0-c6590fb3c018,0.09,False,False,near_mint,en,USD
Red Creatures,binder,Anaba Shaman,HML,Homelands,67a,normal,common,4,39216,c55d086a-d848-43bc-8c1e-de96d10877e1,0.1,False,False,near_mint,en,USD
Red Creatures,binder,Anaba Shaman,HML,Homelands,67b,normal,common,1,39215,4b456355-9f73-45c2-9554-6e6b20d949a1,0.08,False,False,near_mint,en,USD
Red Creatures,binder,Anaba Shaman,9ED,Ninth Edition,172,normal,common,1,28191,7cae202e-63f1-4d8b-bf85-2bf1a03c054c,0.35,False,False,near_mint,en,USD
Green Creatures,binder,Anaconda,9ED,Ninth Edition,229,normal,uncommon,2,28134,9f57f8bf-228b-4da2-823c-67bce8b574cd,0.12,False,False,near_mint,en,USD
Red Creatures,binder,Anarchist,9ED,Ninth Edition,173,normal,uncommon,2,28190,f4a989b0-4305-418c-a326-f89958f0c306,0.03,False,False,near_mint,en,USD
Red Creatures,binder,Anarchist,ODY,Odyssey,173,normal,common,1,32004,5514627a-b24c-48c9-9a5a-5a375adcdf62,0.13,False,False,near_mint,en,USD
White Creatures,binder,Ancestor's Chosen,JUD,Judgment,1,normal,uncommon,1,31597,c0cf71e1-3c57-47f9-a4ef-e0d0ad1ee329,0.28,False,False,near_mint,en,USD
Red Noncreatures,binder,Ancestors' Aid,LCI,The Lost Caverns of Ixalan,132,normal,common,3,88996,e90d5b7d-e27d-42d6-ba7a-d4a6b0dd8549,0.03,False,False,near_mint,en,USD
Fancy Binder,binder,Ancestral Reminiscence,LCI,The Lost Caverns of Ixalan,45,foil,common,5,88542,625690d3-7131-45de-adea-9c927241e661,0.02,False,False,near_mint,en,USD
Sorin,deck,Ancient Craving,DDK,Duel Decks: Sorin vs. Tibalt,28,normal,rare,1,16545,b0e0b4bb-791a-4c6e-8dbc-f4dd56d2bc34,0.31,False,False,near_mint,en,USD
Money Binder,binder,Ancient Den,MRD,Mirrodin,278,normal,common,3,29767,cc857fbd-8e0f-4bff-8f14-561c9925c484,4.0,False,False,near_mint,en,USD
Red Creatures,binder,Ancient Kavu,INV,Invasion,136,normal,common,1,33197,c8ccb5d0-735b-443f-addd-8b70f5f2c60d,0.07,False,False,near_mint,en,USD
Fancy Binder,binder,Angel of Despair,GPT,Guildpact,101,normal,rare,1,27494,9ae71424-df9c-481c-9305-a0c30adcfda2,1.81,False,False,near_mint,en,USD
White Creatures,binder,Angel of Mercy,8ED,Eighth Edition,1,normal,uncommon,2,30542,552cc36c-4d02-44ee-b36a-f58ff14c6f3d,0.15,False,False,near_mint,en,USD
White Creatures,binder,Angel of Mercy,9ED,Ninth Edition,1,normal,uncommon,1,28371,f9112433-ae29-4f6a-9798-234c58ff5920,0.1,False,False,near_mint,en,USD
Fancy Binder,binder,Angel of Salvation,FUT,Future Sight,1,normal,rare,1,26336,2bf69645-d1f1-4836-bdc3-76874abcfd5f,0.3,False,False,near_mint,en,USD
White noncreatures,binder,Angel's Mercy,M13,Magic 2013,3,normal,common,1,17820,43e6d650-4e96-43a3-8b94-7f044d3b2f82,0.07,False,False,near_mint,en,USD
White noncreatures,binder,Angelic Blessing,10E,Tenth Edition,3,normal,common,1,26145,a285aa3f-bcfb-4fc3-8441-85a56c72a3e4,0.07,False,False,near_mint,en,USD
Blue Noncreatures ,binder,Animate Artifact,3ED,Revised Edition,48,normal,uncommon,2,41377,9704b5e2-43e8-4a80-a34b-dfcaad9ec0f9,0.24,False,False,near_mint,en,USD
Money Binder,binder,Animate Dead,3ED,Revised Edition,93,normal,uncommon,2,41332,eed73f84-ad08-44f8-a4fe-cd324ec1da92,5.56,False,False,near_mint,en,USD
Black Noncreatures,binder,Another Chance,LCI,The Lost Caverns of Ixalan,90,normal,common,1,88330,20d9eb9f-2fcc-49f0-99c1-bad748239466,0.03,False,False,near_mint,en,USD
Italian Legends,binder,Anti-Magic Aura,LEGI,Legends Italian,45,normal,common,1,65857,dfc03654-183e-47a5-88c3-d4b93b9375d0,,False,False,near_mint,it,USD
Black Creatures,binder,Anurid Murkdiver,ONS,Onslaught,124,normal,common,2,31179,9e43d62c-488a-4c8d-b193-bacbf8037761,0.12,False,False,near_mint,en,USD
Money Binder,binder,"Anzrag, the Quake-Mole",MKM,Murders at Karlov Manor,186,normal,mythic,1,90962,70e9d8b8-4b32-4414-b32f-1f47523239c5,7.47,False,False,near_mint,en,USD
Money Binder,binder,Aphetto Alchemist,ONS,Onslaught,64,normal,uncommon,1,31239,dfd2628f-63c4-4e19-83ea-26041650faab,4.52,False,False,near_mint,en,USD
Black Creatures,binder,Aphetto Vulture,ONS,Onslaught,126,normal,uncommon,1,31177,107492b9-03a8-4d53-a0cf-4814ffbec409,0.16,False,False,near_mint,en,USD
Tokens/Other,binder,Aplan Mortarium,WHO,Doctor Who,568,normal,common,1,87577,855978a6-c81c-4e5e-a34f-41a54fef0c10,0.4,False,False,near_mint,en,USD
White noncreatures,binder,Apostle's Blessing,MM2,Modern Masters 2015,8,normal,common,2,11209,fdfbc07e-d726-4d42-9394-6aa0f5fc3a3a,0.28,False,False,near_mint,en,USD
Green Creatures,binder,Aquastrand Spider,DIS,Dissension,80,normal,common,4,27345,59bec131-e34e-473b-8792-1a8d53a03fa6,0.19,False,False,near_mint,en,USD
Blue Creatures,binder,Aquatic Alchemist // Bubble Up,WOE,Wilds of Eldraine,40,normal,common,6,85793,e6f03f21-aeb9-428b-9167-b2604919bdd8,0.01,False,False,near_mint,en,USD
Colorless Creatures,binder,Arachnoid,5DN,Fifth Dawn,102,normal,uncommon,1,29393,836d5ce6-d5c9-4fb5-8302-53d25b5531b5,0.18,False,False,near_mint,en,USD
Gondor - Green-White,deck,"Aragorn and Arwen, Wed",LTR,The Lord of the Rings: Tales of Middle-earth,287,foil,mythic,1,83546,d7d4c97a-9319-4534-9a49-da000f41a02d,3.98,False,False,near_mint,en,USD
White Creatures,binder,Arbalest Elite,M12,Magic 2012,5,normal,uncommon,1,19262,094c839e-0aea-4754-af37-edf6292623e1,0.04,False,False,near_mint,en,USD
Multicolor Creatures,binder,Arbalest Engineers,BRO,The Brothers' War,206,normal,uncommon,1,75833,df343bf9-f535-42c7-a2d0-8adfd068b354,0.03,False,False,near_mint,en,USD
Red Noncreatures,binder,Arc Blade,FUT,Future Sight,94,normal,uncommon,1,26243,4d1c04fb-213f-4be1-9bba-94c737826bf8,0.23,False,False,near_mint,en,USD
DALEKS' APPROACH!!!,deck,Arcane Signet,WHO,Doctor Who,239,normal,common,1,87935,d87d58eb-b95a-48d9-a174-e2d72a29c167,0.42,False,False,near_mint,en,USD
Lathy Taffy,deck,Arcane Signet,MIC,Midnight Hunt Commander,157,normal,common,1,63650,993dfead-1c44-47a7-bd37-f57e47bc1203,0.52,False,False,near_mint,en,USD
Raging Clue,deck,Arcane Signet,MKC,Murders at Karlov Manor Commander,223,normal,common,1,90561,e593bb16-e709-4d92-bf6f-239f6a11f7db,0.34,False,False,near_mint,en,USD
Goad Luck!,deck,Arcane Signet,SCD,Starter Commander Decks,257,normal,common,1,77222,02cb9420-fbfb-4123-a830-a992ff470db6,0.42,False,False,near_mint,en,USD
Red Noncreatures,binder,Arcane Teachings,10E,Tenth Edition,188,normal,uncommon,1,25893,41764237-fa31-4b27-92ff-712a42d350b9,0.33,False,False,near_mint,en,USD
Blue Noncreatures ,binder,Arcanum Wings,FUT,Future Sight,48,normal,uncommon,1,26289,47e6e715-abd8-4ff9-a8aa-8f4b929b0283,0.39,False,False,near_mint,en,USD
Colorless Creatures,binder,Arcbound Bruiser,DST,Darksteel,94,normal,common,1,29567,a4672ba6-cd82-4208-bc08-764986899999,0.15,False,False,near_mint,en,USD
Colorless Creatures,binder,Arcbound Hybrid,DST,Darksteel,97,normal,common,1,29564,a2f33f9d-dffd-4742-92c6-be7fe6463dca,0.14,False,False,near_mint,en,USD
Money Binder,binder,Archfiend of Depravity,SCD,Starter Commander Decks,67,normal,rare,1,77228,06bd7be3-20cb-4982-94d4-1f879f91654c,3.56,False,False,near_mint,en,USD
Fancy Binder,binder,Archwing Dragon,AVR,Avacyn Restored,126,normal,rare,1,18152,6c6f1a8b-329e-4094-8141-6bc88311a08c,0.41,False,False,near_mint,en,USD
White Creatures,binder,Arctic Foxes,ICE,Ice Age,2,normal,common,1,39807,98f99c3e-dddc-492f-aab6-1d899346a385,0.12,False,False,near_mint,en,USD
Money Binder,binder,Arcum Dagsson,CSP,Coldsnap,27,normal,rare,1,27214,dd9d3ce7-53db-4808-88bc-03c120211f81,8.57,False,False,near_mint,en,USD
White Creatures,binder,Ardent Militia,6ED,Classic Sixth Edition,3,normal,uncommon,1,35374,95608d51-9ec0-497c-a065-15adb7eff242,0.2,False,False,near_mint,en,USD
White noncreatures,binder,Arenson's Aura,ICE,Ice Age,3,normal,common,1,39806,f94f3e87-1b39-49a8-ad0d-f18c854e298a,0.1,False,False,near_mint,en,USD
Green Creatures,binder,Argothian Pixies,CHR,Chronicles,57,normal,common,2,39369,78276d53-7c01-45b4-a136-a9f3674e1f26,0.12,False,False,near_mint,en,USD
Multicolor Noncreatures,binder,Armed // Dangerous,DGM,Dragon's Maze,122,normal,uncommon,2,16343,ff7f4fc2-6f76-44e7-a30b-7166a0d10d2a,0.12,False,False,near_mint,en,USD
Raging Clue,deck,Armed with Proof,MKC,Murders at Karlov Manor Commander,9,normal,rare,1,90395,6e75470f-fe57-4b6e-a76b-5daf9d9caf0b,0.13,False,False,near_mint,en,USD
Colorless Noncreatures,binder,Armillary Sphere,DDG,Duel Decks: Knights vs. Dragons,62,normal,common,2,19914,e5a79706-d06a-4dac-8856-bf80a5ef3fc7,0.16,False,False,near_mint,en,USD
Black Noncreatures,binder,Armor of Shadows,CLB,Commander Legends: Battle for Baldur's Gate,112,normal,common,1,68947,32f5d5be-777f-4e7b-b18c-ce4a9cedb7d0,0.1,False,False,near_mint,en,USD
Black Creatures,binder,Armor Thrull,FEM,Fallen Empires,33b,normal,common,2,40316,9c6120e6-ceb8-4eab-86b0-18d38ed97d8f,0.29,False,False,near_mint,en,USD
Black Creatures,binder,Armor Thrull,FEM,Fallen Empires,33c,normal,common,1,40315,18a91ed4-131e-455b-a3bd-0bd42aa754e5,0.18,False,False,near_mint,en,USD
Black Creatures,binder,Armor Thrull,FEM,Fallen Empires,33d,normal,common,3,40314,3d653ca4-c21f-4594-b900-2526a912001b,0.2,False,False,near_mint,en,USD
Green Creatures,binder,Armored Kincaller,LCI,The Lost Caverns of Ixalan,174,normal,common,2,88834,b76a46a1-a63e-460a-98c5-699dd1c827aa,0.02,False,False,near_mint,en,USD
Blue Creatures,binder,Armored Skaab,ISD,Innistrad,43,normal,common,2,18855,ce4d00f2-30e6-41d5-b997-c66350fe783c,0.06,False,False,near_mint,en,USD
Multicolor Creatures,binder,Armored Wolf-Rider,DGM,Dragon's Maze,52,normal,common,2,16413,e43d959f-6055-4578-a69a-0ec93e993e21,0.04,False,False,near_mint,en,USD
White Creatures,binder,Armory Guard,RVR,Ravnica Remastered,3,normal,common,1,89626,322fdd11-7874-46f6-adc5-051119a6c978,0.01,False,False,near_mint,en,USD
White Creatures,binder,Armory Mice,WOE,Wilds of Eldraine,3,normal,common,1,85381,4b041949-6fb6-40a6-9329-f209be537219,0.05,False,False,near_mint,en,USD
White noncreatures,binder,Arrest,MRD,Mirrodin,2,normal,common,1,30043,a5ca260d-4ed8-4a99-b00a-0be15ba0df9f,0.08,False,False,near_mint,en,USD
White noncreatures,binder,Arrester's Zeal,RVR,Ravnica Remastered,4,normal,common,1,89984,f501024b-79e8-48f8-8102-38d3e439dc64,0.02,False,False,near_mint,en,USD
Colorless Creatures,binder,Artisan of Kozilek,CMD,Commander 2011,1,normal,uncommon,1,19613,e0d37261-b0a4-49be-b682-3b6d5e8e6bb7,0.45,False,False,near_mint,en,USD
Multicolor Creatures,binder,Arwen Undómiel,LTR,The Lord of the Rings: Tales of Middle-earth,194,normal,uncommon,1,83484,c544e301-13b4-4dec-b65c-d54809bb7736,0.08,False,False,near_mint,en,USD
Blue Noncreatures ,binder,Arwen's Gift,LTR,The Lord of the Rings: Tales of Middle-earth,39,normal,common,1,82969,30e1ec49-ad4f-4623-aeeb-dba07d6e6251,0.03,False,False,near_mint,en,USD
Earth Shakers,deck,Ascendant Packleader,VOW,Innistrad: Crimson Vow,186,normal,rare,1,64102,142c5b67-5de9-41da-b57f-7ce771457a3e,0.21,False,False,near_mint,en,USD
Fancy Binder,binder,"Ashad, the Lone Cyberman",WHO,Doctor Who,113,normal,rare,1,87186,2dc19e32-4f78-492f-8586-54ad4ae6fcec,0.09,False,False,near_mint,en,USD
Fancy Binder,binder,"Ashiok, Wicked Manipulator",WOE,Wilds of Eldraine,78,normal,mythic,1,85473,6c4d0db1-74a5-42c0-ac95-e696585d8022,0.48,False,False,near_mint,en,USD
Fancy Binder,binder,Ashling the Pilgrim,CMM,Commander Masters,205,normal,rare,1,84340,4c687123-6c34-4aef-8350-70a72b5fb58f,0.14,False,False,near_mint,en,USD
Tibalt,deck,Ashmouth Hound,DDK,Duel Decks: Sorin vs. Tibalt,45,normal,common,2,16528,3c243559-fec8-4b18-b119-3cb0ec19eb9f,0.08,False,False,near_mint,en,USD
Red Creatures,binder,Ashmouth Hound,ISD,Innistrad,128,normal,common,1,18770,900ff07e-e5d2-4fe6-ad1a-d0d7e1a272ea,0.05,False,False,near_mint,en,USD
Money Binder,binder,Ashnod's Altar,CHR,Chronicles,92,normal,common,1,39334,d5e1a75e-1369-4f28-bb7d-e7ea2e6087e9,6.61,False,False,near_mint,en,USD
Colorless Noncreatures,binder,Ashnod's Transmogrant,CHR,Chronicles,93,normal,common,2,39333,c820cde8-ee7e-4654-afb3-cd0ee05f2635,0.23,False,False,near_mint,en,USD
Money Binder,binder,Aspect of Wolf,3ED,Revised Edition,186,normal,rare,1,41239,7248db64-c901-4e87-9322-e122d2d32ddc,1.39,False,False,near_mint,en,USD
Black Noncreatures,binder,Asphyxiate,BNG,Born of the Gods,60,normal,common,1,14900,894f3f5f-586d-45e4-9af7-4de80e44dfae,0.04,False,False,near_mint,en,USD
Money Binder,binder,Assassin's Trophy,MKM,Murders at Karlov Manor,187,normal,rare,1,91290,ed6c7d29-71b4-4134-b591-5598f479d592,2.71,False,False,near_mint,en,USD
Black Noncreatures,binder,Assassinate,10E,Tenth Edition,128,normal,common,1,25969,d79599f4-7038-4b8f-9a44-e58b650f21a7,0.09,False,False,near_mint,en,USD
Black Noncreatures,binder,Assassinate,TSP,Time Spiral,95,normal,common,1,26805,40b67839-622d-41c1-b9c7-1a26b021ec78,0.09,False,False,near_mint,en,USD
White Creatures,binder,Assault Griffin,M11,Magic 2011,6,normal,common,3,21383,f72ced22-1f2c-4fa6-a938-8ebe2c15cc8d,0.02,False,False,near_mint,en,USD
Multicolor Creatures,binder,Assault Zeppelid,DIS,Dissension,103,normal,common,5,27322,12bf6443-c941-418a-a766-05bba088a117,0.11,False,False,near_mint,en,USD
Fancy Binder,binder,Assemble the Legion,RVR,Ravnica Remastered,163,normal,rare,1,89562,10ce686a-eecd-4b32-a882-9a6ca3274ae6,0.24,False,False,near_mint,en,USD
Fancy Binder,binder,Assemble the Players,MKM,Murders at Karlov Manor,3,normal,rare,1,91313,f5bcb21a-8559-4791-8cd0-482e7b8dcfd2,0.44,False,False,near_mint,en,USD
White noncreatures,binder,Astral Confrontation,CLB,Commander Legends: Battle for Baldur's Gate,6,normal,common,1,69364,eefe66d8-1b35-49f1-9bc0-74c5861e5abf,0.02,False,False,near_mint,en,USD
White noncreatures,binder,Astral Steel,SCG,Scourge,2,normal,common,1,30686,64f836d3-52c8-4628-b18a-8c8fb67969c9,0.16,False,False,near_mint,en,USD
Red Creatures,binder,Atog,3ED,Revised Edition,139,normal,common,5,41286,976121fd-a21d-42cd-a7d0-310c8648e307,0.17,False,False,near_mint,en,USD
Black Noncreatures,binder,Atrocious Experiment,CLB,Commander Legends: Battle for Baldur's Gate,115,normal,common,2,69352,e6098b4a-a92f-4477-8122-5913ac9247f8,0.05,False,False,near_mint,en,USD
White Creatures,binder,Augur il-Vec,FUT,Future Sight,2,normal,common,1,26335,1c1fdf86-22aa-4c18-a971-8ff1fd8b3de1,0.17,False,False,near_mint,en,USD
Black Creatures,binder,Augur of Skulls,FUT,Future Sight,63,normal,common,4,26274,945404d5-9e44-45e7-84fd-5f8c893e7d27,0.34,False,False,near_mint,en,USD
White Creatures,binder,Auramancer,A25,Masters 25,6,normal,common,2,2710,3f05fde4-a866-459c-9a24-2884116ab647,0.06,False,False,near_mint,en,USD
White Creatures,binder,Auramancer,ODY,Odyssey,5,normal,common,1,32172,090dd4cf-5087-4ed8-a944-f3794e5862d5,0.22,False,False,near_mint,en,USD
White Creatures,binder,Auratouched Mage,RAV,Ravnica: City of Guilds,1,normal,uncommon,2,28009,942d6414-11e1-4822-9c5d-e4f96846a85f,0.29,False,False,near_mint,en,USD
White Creatures,binder,Auriok Glaivemaster,DST,Darksteel,1,normal,common,2,29660,97cce4d4-bff2-4dbb-bc12-1a726ad82dd4,0.1,False,False,near_mint,en,USD
White Creatures,binder,Auriok Salvagers,5DN,Fifth Dawn,4,normal,uncommon,2,29491,09c9cd1b-9260-4f98-ac7a-25bb5ae3e06d,0.26,False,False,near_mint,en,USD
White Creatures,binder,Auriok Transfixer,MRD,Mirrodin,5,normal,common,1,30040,9f5c3f22-f228-4503-9d35-ee1b36a46ef0,0.12,False,False,near_mint,en,USD
Fancy Binder,binder,Auriok Windwalker,5DN,Fifth Dawn,5,normal,rare,1,29490,4315d060-9858-405c-a442-c7a278134f00,0.36,False,False,near_mint,en,USD
Green Creatures,binder,Aurochs,ICE,Ice Age,225,normal,common,1,39584,7e973a84-7f7d-4524-9f2f-ec9a014d52ee,0.16,False,False,near_mint,en,USD
Green Creatures,binder,Aurochs Herd,CSP,Coldsnap,103,normal,common,1,27138,d757b3ad-b808-4506-934e-727e065f66c1,0.11,False,False,near_mint,en,USD
White Creatures,binder,Aurora Eidolon,DIS,Dissension,1,normal,common,3,27424,51bb3d0b-8630-4373-b863-bc831cf08098,0.09,False,False,near_mint,en,USD
White noncreatures,binder,Auspicious Arrival,MKM,Murders at Karlov Manor,288,normal,common,1,90842,49598c0a-3b3c-42a2-9358-ff072de9d9f2,0.02,False,False,near_mint,en,USD
White noncreatures,binder,Auspicious Arrival,MKM,Murders at Karlov Manor,5,normal,common,2,90862,5180c85c-6add-4066-83c4-27fb1fd4de16,0.01,False,False,near_mint,en,USD
DALEKS' APPROACH!!!,deck,Auton Soldier,WHO,Doctor Who,36,normal,rare,1,87316,4cc35b82-a233-4460-968e-d90980fb2074,5.06,False,False,near_mint,en,USD
Green Creatures,binder,Avacyn's Pilgrim,ISD,Innistrad,170,normal,common,1,18728,7eb39e97-53c2-4df0-9fb3-a3d6a24ec41f,0.35,False,False,near_mint,en,USD
White Creatures,binder,Avacynian Priest,ISD,Innistrad,4,normal,common,1,18894,08a47828-a79a-4189-9eef-2a5fc5125b61,0.05,False,False,near_mint,en,USD
Money Binder,binder,Avatar of Woe,CMD,Commander 2011,73,normal,rare,1,19541,1af79737-46ff-48f2-a270-21bd6a05d17e,2.97,False,False,near_mint,en,USD
Blue Creatures,binder,Aven Augur,FUT,Future Sight,32,normal,common,3,26305,c7599618-cbd9-4013-b0a5-4ba77fd52ab4,0.1,False,False,near_mint,en,USD
White Creatures,binder,Aven Cloudchaser,9ED,Ninth Edition,3,normal,common,2,28367,e17844d4-6316-4045-8fd3-194640b10bbe,0.02,False,False,near_mint,en,USD
White Creatures,binder,Aven Cloudchaser,10E,Tenth Edition,7,normal,common,2,26139,407110e9-19af-4ff5-97b2-c03225031a73,0.5,False,False,near_mint,en,USD
Blue Creatures,binder,Aven Envoy,LGN,Legions,30,normal,common,1,30804,40ead30e-9f96-4fca-b619-fdc8d1b5e2e0,0.08,False,False,near_mint,en,USD
White Creatures,binder,Aven Farseer,SCG,Scourge,3,normal,common,1,30685,47854e89-4d22-4eb6-a77d-6f04407bd2e5,0.11,False,False,near_mint,en,USD
Blue Creatures,binder,Aven Fisher,9ED,Ninth Edition,61,normal,common,3,28302,62d3d4fe-0f94-4989-892d-210ae0be67d8,0.15,False,False,near_mint,en,USD
Blue Creatures,binder,Aven Fisher,10E,Tenth Edition,68,normal,common,1,26051,bba2cd91-84a7-4d05-9a0c-55440491be1e,0.03,False,False,near_mint,en,USD
Blue Creatures,binder,Aven Fleetwing,M12,Magic 2012,44,normal,common,2,19223,57626fd2-d101-4e23-946f-8309c9676fe5,0.06,False,False,near_mint,en,USD
White Creatures,binder,Aven Flock,9ED,Ninth Edition,4,normal,common,4,28365,43c97d63-d0f9-402d-948a-b73f73bed919,0.02,False,False,near_mint,en,USD
White Creatures,binder,Aven Flock,ODY,Odyssey,8,normal,common,1,32169,29866d0b-f9be-4284-9d21-03598ef6ae4f,0.07,False,False,near_mint,en,USD
Blue Creatures,binder,Aven Fogbringer,JUD,Judgment,34,normal,common,1,31564,c0ee9e09-c4b1-4133-90a3-350677f0b72a,0.15,False,False,near_mint,en,USD
White Creatures,binder,Aven Mindcensor,FUT,Future Sight,18,normal,uncommon,2,26319,5b8ede8a-5317-4662-b964-a9bd202a4aab,1.09,False,False,near_mint,en,USD
White Creatures,binder,Aven Riftwatcher,PLC,Planar Chaos,1,normal,common,1,26533,f6a4394a-9ce2-4876-8a04-38e3775123af,0.09,False,False,near_mint,en,USD
White noncreatures,binder,Awe Strike,MRD,Mirrodin,6,normal,common,1,30039,a5cd231b-7891-42b5-b5de-5112d1230c37,0.21,False,False,near_mint,en,USD
Fancy Binder,binder,Axebane Ferox,MKM,Murders at Karlov Manor,153,normal,rare,1,90916,610a0de4-a4f7-446b-8477-00c917cb4789,0.11,False,False,near_mint,en,USD
Fancy Binder,binder,Axebane Ferox,MKM,Murders at Karlov Manor,428,foil,rare,1,90808,3ddd5e33-5a58-4321-8742-236d6cc6f4f4,0.18,False,False,near_mint,en,USD
Ratkdos,deck,"Ayara, First of Locthwain",ELD,Throne of Eldraine,75,foil,rare,1,46263,ed0ace28-9a33-4f0d-b8c8-f5517f20ccf1,3.48,False,False,near_mint,en,USD
White Creatures,binder,Aysen Bureaucrats,HML,Homelands,3a,normal,common,2,39297,91170faf-3143-4fa8-88d6-eef72e1f5459,0.07,False,False,near_mint,en,USD
Multicolor Creatures,binder,Azorius Aethermage,DIS,Dissension,104,normal,uncommon,2,27321,6b640ff8-8baa-4069-b5a9-8a4fb22a056e,0.19,False,False,near_mint,en,USD
White Creatures,binder,Azorius Arrester,RVR,Ravnica Remastered,5,normal,common,2,90004,ff6ce02a-5e1e-4c7a-8bf6-97d9d2f9db92,0.06,False,False,near_mint,en,USD
Nonbasic Lands,binder,Azorius Chancery,DIS,Dissension,170,normal,common,4,27255,e58365d2-e4db-444b-b1a9-795668ad3038,0.27,False,False,near_mint,en,USD
Nonbasic Lands,binder,Azorius Chancery,MKC,Murders at Karlov Manor Commander,249,normal,uncommon,1,90415,798a1aeb-2f0b-496b-a5bc-ee815100fd82,0.1,False,False,near_mint,en,USD
Colorless Noncreatures,binder,Azorius Cluestone,DGM,Dragon's Maze,136,normal,common,2,16329,09eeb301-bc28-4515-ad69-0b1b5164a5bc,0.06,False,False,near_mint,en,USD
Multicolor Creatures,binder,Azorius First-Wing,DIS,Dissension,105,normal,common,6,27320,b675c1e6-add5-4959-a5be-f2571ccebcb4,0.09,False,False,near_mint,en,USD
Nonbasic Lands,binder,Azorius Guildgate,RVR,Ravnica Remastered,272,normal,common,1,89622,2e1138d3-f0e1-4fb3-b5c3-1c89cd000aab,0.09,False,False,near_mint,en,USD
Multicolor Creatures,binder,Azorius Guildmage,DIS,Dissension,141,normal,uncommon,1,27284,81f0f0ce-7c23-444c-9d9f-bfa9c8705fd5,1.58,False,False,near_mint,en,USD
White Creatures,binder,Azorius Herald,DIS,Dissension,2,normal,uncommon,1,27423,1923ffb2-1fab-475a-914a-120312e26628,0.24,False,False,near_mint,en,USD
White Creatures,binder,Azorius Justiciar,RVR,Ravnica Remastered,6,normal,uncommon,1,89976,f029e69e-3c74-42b9-b634-1263f25481b4,0.02,False,False,near_mint,en,USD
Colorless Noncreatures,binder,Azorius Signet,CMM,Commander Masters,941,normal,uncommon,1,85034,f012f5c8-a974-40a4-9375-071e4d95182a,0.35,False,False,near_mint,en,USD
Colorless Noncreatures,binder,Azorius Signet,DIS,Dissension,159,normal,common,3,27266,d91a527d-51f1-4fb1-9016-fc923fd43a6a,0.46,False,False,near_mint,en,USD
Raging Clue,deck,Azorius Signet,MKC,Murders at Karlov Manor Commander,224,normal,uncommon,1,90530,ce0c5827-568d-4af2-8948-7e0c9217f029,0.2,False,False,near_mint,en,USD
Blue Creatures,binder,Azure Drake,CHR,Chronicles,15,normal,uncommon,3,39411,c511ae41-05c0-4fb2-b74b-f27f2a4475be,0.24,False,False,near_mint,en,USD
Blue Creatures,binder,Azure Drake,9ED,Ninth Edition,63,normal,uncommon,1,28300,12dab6a1-0f20-4e87-9cb1-8f97eb860999,0.12,False,False,near_mint,en,USD
Green Noncreatures,binder,Azusa's Many Journeys // Likeness of the Seeker,NEO,Kamigawa: Neon Dynasty,172,normal,uncommon,1,66470,e8a51d2a-1582-4bad-995c-e7fe9f810149,0.05,False,False,near_mint,en,USD
Ratkdos,deck,Back for Seconds,WOE,Wilds of Eldraine,80,normal,uncommon,1,85457,660845b5-96fa-4484-822b-aa0508801306,0.09,False,False,near_mint,en,USD
Italian Legends,binder,Backfire,LEGI,Legends Italian,47,normal,uncommon,1,65653,3905c373-f4d6-4767-99a2-1dc44adf846c,,False,False,near_mint,it,USD
Up and Away,deck,Backup Agent,SNC,Streets of New Capenna,2,normal,common,3,67662,2a46af75-3880-4141-b26e-19834d67e7a8,0.03,False,False,near_mint,en,USD
Hot Potato,deck,"Baeloth Barrityl, Entertainer",CLB,Commander Legends: Battle for Baldur's Gate,655,foil,mythic,1,69705,ec983aac-9eda-4086-ad7e-34da9b2987cc,7.49,False,False,near_mint,en,USD
Green Creatures,binder,Bag End Porter,LTR,The Lord of the Rings: Tales of Middle-earth,153,normal,common,1,83427,b7557170-39a2-49df-823e-958c3eb34801,0.01,False,False,near_mint,en,USD
Red Creatures,binder,Balduvian Barbarians,8ED,Eighth Edition,176,normal,common,2,30360,46092f3f-7ef9-4967-b47b-40747a8cf37d,0.07,False,False,near_mint,en,USD
Red Creatures,binder,Balduvian Barbarians,ICE,Ice Age,172,normal,common,1,39637,efeabe8e-8107-4d19-8a43-362aa79cdd92,0.07,False,False,near_mint,en,USD
Red Creatures,binder,Balduvian Barbarians,9ED,Ninth Edition,174,normal,common,2,28189,caba00ff-df58-456e-8aeb-fc8b632018a6,0.02,False,False,near_mint,en,USD
Green Creatures,binder,Balduvian Bears,ICE,Ice Age,226,normal,common,2,39583,ef5297cb-e763-4871-9cd3-0e2dbcc52095,0.27,False,False,near_mint,en,USD
White Creatures,binder,Ballista Squad,10E,Tenth Edition,8,normal,uncommon,1,26137,a4d17394-b9c4-43f6-9a6d-2c7c7ecb1d74,0.1,False,False,near_mint,en,USD
White Creatures,binder,Ballynock Trapper,EVE,Eventide,2,normal,common,1,24549,6b10d37b-2cbc-4061-b25a-ad8ff3944ad3,0.28,False,False,near_mint,en,USD
Blue Creatures,binder,Balshan Collaborator,TOR,Torment,25,normal,uncommon,1,31716,e23ebd3b-59bf-4f3d-b320-9283871c4540,0.11,False,False,near_mint,en,USD
Blue Noncreatures ,binder,Bamboozle,ODY,Odyssey,68,normal,uncommon,1,32109,44012bb8-17b7-4b50-a796-662ef09bfc29,0.22,False,False,near_mint,en,USD
White noncreatures,binder,Bandage,10E,Tenth Edition,9,normal,common,1,26136,c9c17e3b-4d7f-4472-afe1-8e9358b82f2c,0.31,False,False,near_mint,en,USD
Black Creatures,binder,Bane Alley Blackguard,DGM,Dragon's Maze,21,normal,common,2,16444,15fcad03-4567-4f96-976e-01a07d8ab050,0.02,False,False,near_mint,en,USD
Fancy Binder,binder,Bane's Invoker,CLB,Commander Legends: Battle for Baldur's Gate,7,foil,common,1,68908,2164a728-131f-41ce-9346-8036c86543e2,0.05,False,False,near_mint,en,USD
Fancy Binder,binder,Baneblade Scoundrel // Baneclaw Marauder,MID,Innistrad: Midnight Hunt,85,foil,uncommon,1,63316,7b63f2ae-5bfd-452f-b1f5-8459bcecd3bb,0.07,False,False,near_mint,en,USD
White noncreatures,binder,Banish from Edoras,LTR,The Lord of the Rings: Tales of Middle-earth,1,normal,common,2,83363,a4410076-e1fe-45f3-a0ca-a91ab0133ff4,0.01,False,False,near_mint,en,USD
Gondor - Green-White,deck,Banishing Light,LTC,Tales of Middle-earth Commander,161,normal,uncommon,2,83315,961b1464-928e-41b9-bc73-c47df94e0e8e,0.1,False,False,near_mint,en,USD
White noncreatures,binder,Banishment,CLB,Commander Legends: Battle for Baldur's Gate,8,normal,uncommon,1,69202,a71caadb-31ab-4b7f-b304-e7d3e8f9d132,0.04,False,False,near_mint,en,USD
Black Creatures,binder,Banshee,DRK,The Dark,40,normal,uncommon,4,40463,66eaa7d6-48b2-4b35-a834-790edd679e0e,1.12,False,False,near_mint,en,USD
Red Creatures,binder,Barbarian Outcast,TOR,Torment,92,normal,common,2,31649,b9d67b5c-ab20-456e-8ff5-7521be8273b2,0.11,False,False,near_mint,en,USD
Red Creatures,binder,Barbarian Riftcutter,RAV,Ravnica: City of Guilds,114,normal,common,4,27896,152f4cfa-4f03-404d-a6f7-24c27505906f,0.03,False,False,near_mint,en,USD
Red Noncreatures,binder,Barbed Lightning,DST,Darksteel,55,normal,common,1,29606,2509482a-68d8-4e94-9d1e-5b069ebdc2e4,0.1,False,False,near_mint,en,USD
Red Noncreatures,binder,Barrel Down Sokenzan,SOK,Saviors of Kamigawa,94,normal,common,3,28444,02c52e00-ad17-42aa-9f5f-38fb52dad5ea,0.12,False,False,near_mint,en,USD
Fancy Binder,binder,Barren Glory,FUT,Future Sight,3,normal,rare,1,26334,12220d53-3356-4541-aa43-a0de6ed3f7d0,1.13,False,False,near_mint,en,USD
Nonbasic Lands,binder,Barren Moor,CMD,Commander 2011,266,normal,common,1,19348,b5549d92-f27a-4914-a903-e4f452e4e485,0.19,False,False,near_mint,en,USD
Nonbasic Lands,binder,Barren Moor,ONS,Onslaught,312,normal,common,3,30991,45be3811-a223-4c45-9b24-0317f2d53c60,0.22,False,False,near_mint,en,USD
Black Noncreatures,binder,Barter in Blood,MRD,Mirrodin,57,normal,uncommon,1,29988,beccbb2c-ca1d-4b72-9eca-a64a313fd830,0.19,False,False,near_mint,en,USD
Multicolor Creatures,binder,Bartolomé del Presidio,LCI,The Lost Caverns of Ixalan,301,normal,uncommon,1,89045,f82bb486-7009-4b53-973f-477fc13ad7e7,0.1,False,False,near_mint,en,USD
Black Creatures,binder,Basal Thrull,FEM,Fallen Empires,34c,normal,common,3,40311,a86d9647-3a87-4620-aa07-26f996fc6fa3,0.26,False,False,near_mint,en,USD
Black Creatures,binder,Basal Thrull,FEM,Fallen Empires,34d,normal,common,1,40310,b6908e4c-f94d-4b0d-b9a5-64c04751f108,0.27,False,False,near_mint,en,USD
Money Binder,binder,Basalt Monolith,3ED,Revised Edition,235,normal,uncommon,3,41190,4f0b7b8e-45b0-4947-9a95-bccc6b725a37,3.38,False,False,near_mint,en,USD
Fancy Binder,binder,Basilica Stalker,MKM,Murders at Karlov Manor,78,foil,common,1,91336,fdafea8f-283d-4f19-a74a-669bfbdfed98,0.01,False,False,near_mint,en,USD
White noncreatures,binder,Bathe in Light,RAV,Ravnica: City of Guilds,2,normal,uncommon,1,28008,a7bd976e-56c7-482e-8d2f-073b0b589274,0.24,False,False,near_mint,en,USD
Colorless Creatures,binder,Battered Golem,5DN,Fifth Dawn,106,normal,common,1,29389,f69add35-c529-4b30-8e64-f09b8308432f,0.3,False,False,near_mint,en,USD
Red Creatures,binder,Battering Craghorn,ONS,Onslaught,188,normal,common,2,31115,9ef71f42-87e5-4b1d-aac1-3752b81cee7c,0.04,False,False,near_mint,en,USD
Green Creatures,binder,Battering Krasis,DGM,Dragon's Maze,41,normal,common,1,16424,5d9aa740-9adf-412a-b6ec-0b9bb1b4618b,0.04,False,False,near_mint,en,USD
Green Creatures,binder,Battering Wurm,GPT,Guildpact,79,normal,uncommon,2,27516,5a0fb683-2e9b-465c-9fb5-2eb334c2739a,0.13,False,False,near_mint,en,USD
